{
    "Email-Enron": {
        "threads_1": {
            "avg_time": 4.565769124031067,
            "std_dev": 1.0575465603762078,
            "avg_speedup": 1
        },
        "threads_2": {
            "avg_time": 2.9208078670501707,
            "std_dev": 0.8390619511579067,
            "avg_speedup": 1.5631870810599404
        },
        "threads_3": {
            "avg_time": 1.4778200197219848,
            "std_dev": 0.029967807093978078,
            "avg_speedup": 3.0895298907170057
        },
        "threads_4": {
            "avg_time": 1.2469114398956298,
            "std_dev": 0.20038333191015614,
            "avg_speedup": 3.661662711518017
        }
    },
    "facebook_combined": {
        "threads_1": {
            "avg_time": 0.5365998458862304,
            "std_dev": 0.00836157536290305,
            "avg_speedup": 1
        },
        "threads_2": {
            "avg_time": 0.32336089611053465,
            "std_dev": 0.011831513709114084,
            "avg_speedup": 1.6594456916114069
        },
        "threads_3": {
            "avg_time": 0.2447039270401001,
            "std_dev": 0.007671359441474732,
            "avg_speedup": 2.1928534305797913
        },
        "threads_4": {
            "avg_time": 0.20327747344970704,
            "std_dev": 0.004730589525188074,
            "avg_speedup": 2.6397408270572136
        }
    },
    "p2p-Gnutella24": {
        "threads_1": {
            "avg_time": 0.7922493648529053,
            "std_dev": 0.017859834669604214,
            "avg_speedup": 1
        },
        "threads_2": {
            "avg_time": 0.5906192731857299,
            "std_dev": 0.07658352925561386,
            "avg_speedup": 1.3413875923479548
        },
        "threads_3": {
            "avg_time": 0.44781715393066407,
            "std_dev": 0.023728817990389305,
            "avg_speedup": 1.7691358133537913
        },
        "threads_4": {
            "avg_time": 0.367666072845459,
            "std_dev": 0.008273836015240092,
            "avg_speedup": 2.154806829799363
        }
    }
}