{
    "Email-Enron": {
        "threads_1": {
            "avg_time": 4.56381516456604,
            "std_dev": 2.502837517605529,
            "avg_speedup": 1
        },
        "threads_2": {
            "avg_time": 2.1517025947570803,
            "std_dev": 0.05053276338150256,
            "avg_speedup": 2.1210250783200264
        },
        "threads_3": {
            "avg_time": 1.5283597946166991,
            "std_dev": 0.04608633142293018,
            "avg_speedup": 2.9860869022078727
        },
        "threads_4": {
            "avg_time": 1.2184919834136962,
            "std_dev": 0.02501117170121876,
            "avg_speedup": 3.745461789399854
        }
    },
    "facebook_combined": {
        "threads_1": {
            "avg_time": 0.5307615280151368,
            "std_dev": 0.0014569423292750661,
            "avg_speedup": 1
        },
        "threads_2": {
            "avg_time": 0.3238956451416016,
            "std_dev": 0.01179298816904585,
            "avg_speedup": 1.6386806552557909
        },
        "threads_3": {
            "avg_time": 0.2517573833465576,
            "std_dev": 0.006329248504723045,
            "avg_speedup": 2.1082262651439896
        },
        "threads_4": {
            "avg_time": 0.21637439727783203,
            "std_dev": 0.004831448483753248,
            "avg_speedup": 2.452977499614342
        }
    },
    "p2p-Gnutella24": {
        "threads_1": {
            "avg_time": 0.7948158264160157,
            "std_dev": 0.016092331465482567,
            "avg_speedup": 1
        },
        "threads_2": {
            "avg_time": 0.6055193424224854,
            "std_dev": 0.024689931618641792,
            "avg_speedup": 1.3126183933880902
        },
        "threads_3": {
            "avg_time": 0.4480901718139648,
            "std_dev": 0.006412837531878961,
            "avg_speedup": 1.773785448581546
        },
        "threads_4": {
            "avg_time": 0.36664233207702634,
            "std_dev": 0.006491350345686623,
            "avg_speedup": 2.1678233986604583
        }
    }
}