{
    "tests/Email-Enron.txt": {
        "threads_1": {
            "avg_time": 5.434343910217285,
            "std_dev": 0.1550462772947573,
            "avg_speedup": 1
        },
        "threads_2": {
            "avg_time": 3.4911112785339355,
            "std_dev": 0.03991263077316836,
            "avg_speedup": 1.5566229422796842
        },
        "threads_3": {
            "avg_time": 1.8873190402984619,
            "std_dev": 0.350528906108717,
            "avg_speedup": 2.879398657133186
        },
        "threads_4": {
            "avg_time": 1.373713779449463,
            "std_dev": 0.028751962133621023,
            "avg_speedup": 3.955950643805278
        }
    },
    "tests/facebook_combined.txt": {
        "threads_1": {
            "avg_time": 0.5344339370727539,
            "std_dev": 0.004632112615544605,
            "avg_speedup": 1
        },
        "threads_2": {
            "avg_time": 0.33728752136230467,
            "std_dev": 0.02746034875007679,
            "avg_speedup": 1.5845055130239465
        },
        "threads_3": {
            "avg_time": 0.26481451988220217,
            "std_dev": 0.006113042138659448,
            "avg_speedup": 2.01814438766608
        },
        "threads_4": {
            "avg_time": 0.22620539665222167,
            "std_dev": 0.009090968053169998,
            "avg_speedup": 2.3626047166965543
        }
    },
    "tests/p2p-Gnutella24.txt": {
        "threads_1": {
            "avg_time": 0.8292793750762939,
            "std_dev": 0.024318337289665377,
            "avg_speedup": 1
        },
        "threads_2": {
            "avg_time": 0.6041616439819336,
            "std_dev": 0.05991849442139715,
            "avg_speedup": 1.3726117560370847
        },
        "threads_3": {
            "avg_time": 0.5005404472351074,
            "std_dev": 0.05879636747891602,
            "avg_speedup": 1.6567679588274622
        },
        "threads_4": {
            "avg_time": 0.3766977310180664,
            "std_dev": 0.015048353082723665,
            "avg_speedup": 2.201445102509847
        }
    }
}